--
-- PostgreSQL database dump
--

CREATE DATABASE library_db;

\c library_db;

SET statement_timeout = 0;
SET lock_timeout = 0;
SET idle_in_transaction_session_timeout = 0;
SET client_encoding = 'UTF8';
SET standard_conforming_strings = on;
SELECT pg_catalog.set_config('search_path', '', false);
SET check_function_bodies = false;
SET xmloption = content;
SET client_min_messages = warning;
SET row_security = off;

-- newly added this line. This is to create user with previlage to create DB 
CREATE USER postgresadmin WITH PASSWORD 'admin123' CREATEDB;

CREATE SCHEMA public;

ALTER SCHEMA public OWNER TO postgresadmin;

COMMENT ON SCHEMA public IS 'standard public schema';

SET default_tablespace = '';

SET default_table_access_method = heap;

CREATE TABLE public.asset_tags (
    "TagId" integer NOT NULL,
    "AssetId" uuid NOT NULL
);


ALTER TABLE public.asset_tags OWNER TO postgresadmin;


CREATE TABLE public.assets (
    "Id" uuid NOT NULL,
    "AvailabilityStatusId" integer DEFAULT 0 NOT NULL,
    "Cost" numeric NOT NULL,
    "ImageUrl" text,
    "LocationId" integer DEFAULT 0 NOT NULL
);


ALTER TABLE public.assets OWNER TO postgresadmin;


CREATE TABLE public.audio_books (
    "Id" integer NOT NULL,
    "AssetId" uuid NOT NULL,
    "Title" text NOT NULL,
    "Author" text NOT NULL,
    "ASIN" text NOT NULL,
    "PublicationYear" integer NOT NULL,
    "LengthMinutes" integer NOT NULL,
    "Edition" text,
    "Publisher" text,
    "DeweyIndex" text,
    "Language" text,
    "Summary" text
);


ALTER TABLE public.audio_books OWNER TO postgresadmin;


ALTER TABLE public.audio_books ALTER COLUMN "Id" ADD GENERATED BY DEFAULT AS IDENTITY (
    SEQUENCE NAME public."audio_books_Id_seq"
    START WITH 1
    INCREMENT BY 1
    NO MINVALUE
    NO MAXVALUE
    CACHE 1
);


CREATE TABLE public.audio_cds (
    "Id" integer NOT NULL,
    "AssetId" uuid NOT NULL,
    "Title" text NOT NULL,
    "Artist" text NOT NULL,
    "PublicationYear" integer NOT NULL,
    "Label" text,
    "DeweyIndex" text,
    "Language" text,
    "Genre" text,
    "Summary" text
);


ALTER TABLE public.audio_cds OWNER TO postgresadmin;


ALTER TABLE public.audio_cds ALTER COLUMN "Id" ADD GENERATED BY DEFAULT AS IDENTITY (
    SEQUENCE NAME public."audio_cds_Id_seq"
    START WITH 1
    INCREMENT BY 1
    NO MINVALUE
    NO MAXVALUE
    CACHE 1
);


CREATE TABLE public.availability_statuses (
    "Id" integer NOT NULL,
    "Name" text NOT NULL,
    "Description" text NOT NULL
);


ALTER TABLE public.availability_statuses OWNER TO postgresadmin;


ALTER TABLE public.availability_statuses ALTER COLUMN "Id" ADD GENERATED BY DEFAULT AS IDENTITY (
    SEQUENCE NAME public."availability_statuses_Id_seq"
    START WITH 1
    INCREMENT BY 1
    NO MINVALUE
    NO MAXVALUE
    CACHE 1
);

CREATE TABLE public.books (
    "Id" integer NOT NULL,
    "AssetId" uuid NOT NULL,
    "Title" text NOT NULL,
    "Author" text NOT NULL,
    "ISBN" text NOT NULL,
    "PublicationYear" integer NOT NULL,
    "Edition" text,
    "Publisher" text,
    "DeweyIndex" text,
    "Language" text,
    "Summary" text
);


ALTER TABLE public.books OWNER TO postgresadmin;


ALTER TABLE public.books ALTER COLUMN "Id" ADD GENERATED BY DEFAULT AS IDENTITY (
    SEQUENCE NAME public."books_Id_seq"
    START WITH 1
    INCREMENT BY 1
    NO MINVALUE
    NO MAXVALUE
    CACHE 1
);


CREATE TABLE public.branch_hours (
    "Id" integer NOT NULL,
    "BranchId" integer,
    "DayOfWeek" integer NOT NULL,
    "OpenTime" integer NOT NULL,
    "CloseTime" integer NOT NULL
);


ALTER TABLE public.branch_hours OWNER TO postgresadmin;


ALTER TABLE public.branch_hours ALTER COLUMN "Id" ADD GENERATED BY DEFAULT AS IDENTITY (
    SEQUENCE NAME public."branch_hours_Id_seq"
    START WITH 1
    INCREMENT BY 1
    NO MINVALUE
    NO MAXVALUE
    CACHE 1
);


CREATE TABLE public.checkout_histories (
    "Id" integer NOT NULL,
    "AssetId" uuid,
    "LibraryCardId" integer,
    "CheckedOut" timestamp without time zone NOT NULL,
    "CheckedIn" timestamp without time zone
);


ALTER TABLE public.checkout_histories OWNER TO postgresadmin;

ALTER TABLE public.checkout_histories ALTER COLUMN "Id" ADD GENERATED BY DEFAULT AS IDENTITY (
    SEQUENCE NAME public."checkout_histories_Id_seq"
    START WITH 1
    INCREMENT BY 1
    NO MINVALUE
    NO MAXVALUE
    CACHE 1
);

CREATE TABLE public.checkouts (
    "Id" integer NOT NULL,
    "AssetId" uuid,
    "LibraryCardId" integer,
    "CheckedOutSince" timestamp without time zone NOT NULL,
    "CheckedOutUntil" timestamp without time zone NOT NULL
);


ALTER TABLE public.checkouts OWNER TO postgresadmin;


ALTER TABLE public.checkouts ALTER COLUMN "Id" ADD GENERATED BY DEFAULT AS IDENTITY (
    SEQUENCE NAME public."checkouts_Id_seq"
    START WITH 1
    INCREMENT BY 1
    NO MINVALUE
    NO MAXVALUE
    CACHE 1
);


CREATE TABLE public.dvds (
    "Id" integer NOT NULL,
    "AssetId" uuid NOT NULL,
    "Title" text NOT NULL,
    "Year" integer NOT NULL,
    "Director" text NOT NULL,
    "LengthMinutes" integer NOT NULL,
    "Edition" text,
    "UPC" text,
    "Description" text,
    "Language" text,
    "AlternativeTitle" text
);


ALTER TABLE public.dvds OWNER TO postgresadmin;


ALTER TABLE public.dvds ALTER COLUMN "Id" ADD GENERATED BY DEFAULT AS IDENTITY (
    SEQUENCE NAME public."dvds_Id_seq"
    START WITH 1
    INCREMENT BY 1
    NO MINVALUE
    NO MAXVALUE
    CACHE 1
);


CREATE TABLE public.holds (
    "Id" integer NOT NULL,
    "AssetId" uuid,
    "LibraryCardId" integer,
    "HoldPlaced" timestamp without time zone NOT NULL,
    "UpdatedOn" timestamp without time zone DEFAULT '0001-01-01 00:00:00'::timestamp without time zone NOT NULL
);


ALTER TABLE public.holds OWNER TO postgresadmin;


ALTER TABLE public.holds ALTER COLUMN "Id" ADD GENERATED BY DEFAULT AS IDENTITY (
    SEQUENCE NAME public."holds_Id_seq"
    START WITH 1
    INCREMENT BY 1
    NO MINVALUE
    NO MAXVALUE
    CACHE 1
);


CREATE TABLE public.library_branches (
    "Id" integer NOT NULL,
    "Name" text NOT NULL,
    "Address" text NOT NULL,
    "Telephone" text NOT NULL,
    "Description" text,
    "OpenDate" timestamp without time zone NOT NULL,
    "ImageUrl" text,
    "CreatedOn" timestamp without time zone DEFAULT '0001-01-01 00:00:00'::timestamp without time zone NOT NULL,
    "UpdatedOn" timestamp without time zone DEFAULT '0001-01-01 00:00:00'::timestamp without time zone NOT NULL
);


ALTER TABLE public.library_branches OWNER TO postgresadmin;


ALTER TABLE public.library_branches ALTER COLUMN "Id" ADD GENERATED BY DEFAULT AS IDENTITY (
    SEQUENCE NAME public."library_branches_Id_seq"
    START WITH 1
    INCREMENT BY 1
    NO MINVALUE
    NO MAXVALUE
    CACHE 1
);


CREATE TABLE public.library_cards (
    "Id" integer NOT NULL,
    "CurrentFees" numeric NOT NULL,
    "Issued" timestamp without time zone NOT NULL
);


ALTER TABLE public.library_cards OWNER TO postgresadmin;


ALTER TABLE public.library_cards ALTER COLUMN "Id" ADD GENERATED BY DEFAULT AS IDENTITY (
    SEQUENCE NAME public."library_cards_Id_seq"
    START WITH 1
    INCREMENT BY 1
    NO MINVALUE
    NO MAXVALUE
    CACHE 1
);


CREATE TABLE public.patrons (
    "Id" integer NOT NULL,
    "FirstName" text NOT NULL,
    "LastName" text NOT NULL,
    "Address" text NOT NULL,
    "DateOfBirth" timestamp without time zone NOT NULL,
    "Email" text NOT NULL,
    "Telephone" text,
    "LibraryCardId" integer DEFAULT 0 NOT NULL,
    "HomeLibraryBranchId" integer,
    "CreatedOn" timestamp without time zone DEFAULT '0001-01-01 00:00:00'::timestamp without time zone NOT NULL,
    "UpdatedOn" timestamp without time zone DEFAULT '0001-01-01 00:00:00'::timestamp without time zone NOT NULL
);


ALTER TABLE public.patrons OWNER TO postgresadmin;


ALTER TABLE public.patrons ALTER COLUMN "Id" ADD GENERATED BY DEFAULT AS IDENTITY (
    SEQUENCE NAME public."patrons_Id_seq"
    START WITH 1
    INCREMENT BY 1
    NO MINVALUE
    NO MAXVALUE
    CACHE 1
);


CREATE TABLE public.periodicals (
    "Id" integer NOT NULL,
    "AssetId" uuid NOT NULL,
    "UniformTitle" text NOT NULL,
    "Publisher" text NOT NULL,
    "ISSN" text NOT NULL,
    "DateOfPublication" timestamp without time zone NOT NULL,
    "Description" text,
    "Language" text
);


ALTER TABLE public.periodicals OWNER TO postgresadmin;


ALTER TABLE public.periodicals ALTER COLUMN "Id" ADD GENERATED BY DEFAULT AS IDENTITY (
    SEQUENCE NAME public."periodicals_Id_seq"
    START WITH 1
    INCREMENT BY 1
    NO MINVALUE
    NO MAXVALUE
    CACHE 1
);


CREATE TABLE public.tags (
    "Id" integer NOT NULL,
    "Name" text
);


ALTER TABLE public.tags OWNER TO postgresadmin;


ALTER TABLE public.tags ALTER COLUMN "Id" ADD GENERATED BY DEFAULT AS IDENTITY (
    SEQUENCE NAME public."tags_Id_seq"
    START WITH 1
    INCREMENT BY 1
    NO MINVALUE
    NO MAXVALUE
    CACHE 1
);

ALTER TABLE ONLY public.asset_tags
    ADD CONSTRAINT "PK_asset_tags" PRIMARY KEY ("AssetId", "TagId");


ALTER TABLE ONLY public.assets
    ADD CONSTRAINT "PK_assets" PRIMARY KEY ("Id");


ALTER TABLE ONLY public.audio_books
    ADD CONSTRAINT "PK_audio_books" PRIMARY KEY ("Id");


ALTER TABLE ONLY public.audio_cds
    ADD CONSTRAINT "PK_audio_cds" PRIMARY KEY ("Id");


ALTER TABLE ONLY public.availability_statuses
    ADD CONSTRAINT "PK_availability_statuses" PRIMARY KEY ("Id");


ALTER TABLE ONLY public.books
    ADD CONSTRAINT "PK_books" PRIMARY KEY ("Id");


ALTER TABLE ONLY public.branch_hours
    ADD CONSTRAINT "PK_branch_hours" PRIMARY KEY ("Id");


ALTER TABLE ONLY public.checkout_histories
    ADD CONSTRAINT "PK_checkout_histories" PRIMARY KEY ("Id");


ALTER TABLE ONLY public.checkouts
    ADD CONSTRAINT "PK_checkouts" PRIMARY KEY ("Id");


ALTER TABLE ONLY public.dvds
    ADD CONSTRAINT "PK_dvds" PRIMARY KEY ("Id");


ALTER TABLE ONLY public.holds
    ADD CONSTRAINT "PK_holds" PRIMARY KEY ("Id");


ALTER TABLE ONLY public.library_branches
    ADD CONSTRAINT "PK_library_branches" PRIMARY KEY ("Id");


ALTER TABLE ONLY public.library_cards
    ADD CONSTRAINT "PK_library_cards" PRIMARY KEY ("Id");


ALTER TABLE ONLY public.patrons
    ADD CONSTRAINT "PK_patrons" PRIMARY KEY ("Id");


ALTER TABLE ONLY public.periodicals
    ADD CONSTRAINT "PK_periodicals" PRIMARY KEY ("Id");


ALTER TABLE ONLY public.tags
    ADD CONSTRAINT "PK_tags" PRIMARY KEY ("Id");


CREATE INDEX "IX_asset_tags_TagId" ON public.asset_tags USING btree ("TagId");


CREATE INDEX "IX_assets_AvailabilityStatusId" ON public.assets USING btree ("AvailabilityStatusId");


CREATE INDEX "IX_assets_LocationId" ON public.assets USING btree ("LocationId");


CREATE INDEX "IX_audio_books_AssetId" ON public.audio_books USING btree ("AssetId");


CREATE INDEX "IX_audio_cds_AssetId" ON public.audio_cds USING btree ("AssetId");


CREATE INDEX "IX_books_AssetId" ON public.books USING btree ("AssetId");


CREATE INDEX "IX_branch_hours_BranchId" ON public.branch_hours USING btree ("BranchId");


CREATE INDEX "IX_checkout_histories_AssetId" ON public.checkout_histories USING btree ("AssetId");


CREATE INDEX "IX_checkout_histories_LibraryCardId" ON public.checkout_histories USING btree ("LibraryCardId");


CREATE INDEX "IX_checkouts_AssetId" ON public.checkouts USING btree ("AssetId");


CREATE INDEX "IX_checkouts_LibraryCardId" ON public.checkouts USING btree ("LibraryCardId");


CREATE INDEX "IX_dvds_AssetId" ON public.dvds USING btree ("AssetId");


CREATE INDEX "IX_holds_AssetId" ON public.holds USING btree ("AssetId");


CREATE INDEX "IX_holds_LibraryCardId" ON public.holds USING btree ("LibraryCardId");


CREATE INDEX "IX_patrons_HomeLibraryBranchId" ON public.patrons USING btree ("HomeLibraryBranchId");


CREATE UNIQUE INDEX "IX_patrons_LibraryCardId" ON public.patrons USING btree ("LibraryCardId");


CREATE INDEX "IX_periodicals_AssetId" ON public.periodicals USING btree ("AssetId");


ALTER TABLE ONLY public.asset_tags
    ADD CONSTRAINT "FK_asset_tags_assets_AssetId" FOREIGN KEY ("AssetId") REFERENCES public.assets("Id") ON DELETE CASCADE;


ALTER TABLE ONLY public.asset_tags
    ADD CONSTRAINT "FK_asset_tags_tags_TagId" FOREIGN KEY ("TagId") REFERENCES public.tags("Id") ON DELETE CASCADE;
	

ALTER TABLE ONLY public.assets
    ADD CONSTRAINT "FK_assets_availability_statuses_AvailabilityStatusId" FOREIGN KEY ("AvailabilityStatusId") REFERENCES public.availability_statuses("Id") ON DELETE CASCADE;


ALTER TABLE ONLY public.assets
    ADD CONSTRAINT "FK_assets_library_branches_LocationId" FOREIGN KEY ("LocationId") REFERENCES public.library_branches("Id") ON DELETE CASCADE;


ALTER TABLE ONLY public.audio_books
    ADD CONSTRAINT "FK_audio_books_assets_AssetId" FOREIGN KEY ("AssetId") REFERENCES public.assets("Id") ON DELETE CASCADE;


ALTER TABLE ONLY public.audio_cds
    ADD CONSTRAINT "FK_audio_cds_assets_AssetId" FOREIGN KEY ("AssetId") REFERENCES public.assets("Id") ON DELETE CASCADE;


ALTER TABLE ONLY public.books
    ADD CONSTRAINT "FK_books_assets_AssetId" FOREIGN KEY ("AssetId") REFERENCES public.assets("Id") ON DELETE CASCADE;


ALTER TABLE ONLY public.branch_hours
    ADD CONSTRAINT "FK_branch_hours_library_branches_BranchId" FOREIGN KEY ("BranchId") REFERENCES public.library_branches("Id") ON DELETE RESTRICT;


ALTER TABLE ONLY public.checkout_histories
    ADD CONSTRAINT "FK_checkout_histories_assets_AssetId" FOREIGN KEY ("AssetId") REFERENCES public.assets("Id") ON DELETE RESTRICT;


ALTER TABLE ONLY public.checkout_histories
    ADD CONSTRAINT "FK_checkout_histories_library_cards_LibraryCardId" FOREIGN KEY ("LibraryCardId") REFERENCES public.library_cards("Id") ON DELETE RESTRICT;


ALTER TABLE ONLY public.checkouts
    ADD CONSTRAINT "FK_checkouts_assets_AssetId" FOREIGN KEY ("AssetId") REFERENCES public.assets("Id") ON DELETE RESTRICT;


ALTER TABLE ONLY public.checkouts
    ADD CONSTRAINT "FK_checkouts_library_cards_LibraryCardId" FOREIGN KEY ("LibraryCardId") REFERENCES public.library_cards("Id") ON DELETE RESTRICT;


ALTER TABLE ONLY public.dvds
    ADD CONSTRAINT "FK_dvds_assets_AssetId" FOREIGN KEY ("AssetId") REFERENCES public.assets("Id") ON DELETE CASCADE;


ALTER TABLE ONLY public.holds
    ADD CONSTRAINT "FK_holds_assets_AssetId" FOREIGN KEY ("AssetId") REFERENCES public.assets("Id") ON DELETE RESTRICT;


ALTER TABLE ONLY public.holds
    ADD CONSTRAINT "FK_holds_library_cards_LibraryCardId" FOREIGN KEY ("LibraryCardId") REFERENCES public.library_cards("Id") ON DELETE RESTRICT;


ALTER TABLE ONLY public.patrons
    ADD CONSTRAINT "FK_patrons_library_branches_HomeLibraryBranchId" FOREIGN KEY ("HomeLibraryBranchId") REFERENCES public.library_branches("Id") ON DELETE RESTRICT;


ALTER TABLE ONLY public.patrons
    ADD CONSTRAINT "FK_patrons_library_cards_LibraryCardId" FOREIGN KEY ("LibraryCardId") REFERENCES public.library_cards("Id") ON DELETE CASCADE;


ALTER TABLE ONLY public.periodicals
    ADD CONSTRAINT "FK_periodicals_assets_AssetId" FOREIGN KEY ("AssetId") REFERENCES public.assets("Id") ON DELETE CASCADE;

-- Initial Availability Statuses
INSERT INTO public.availability_statuses VALUES (3, 'CheckedIn', 'The item is Checked In.');
INSERT INTO public.availability_statuses VALUES (5, 'Destroyed', 'The item has been destroyed.');
INSERT INTO public.availability_statuses VALUES (1, 'Lost', 'The item is lost.');
INSERT INTO public.availability_statuses VALUES (2, 'Available', 'The item is Available.');
INSERT INTO public.availability_statuses VALUES (4, 'Checked Out', 'The item is Checked Out.');

-- Generate Initial Library Branches
INSERT INTO public.library_branches VALUES (1, 'Cologne Central Library', 'Josef-Haubrich-Hof, 1, 50676 Köln', '+49-221-2212-3828', 'Large historical library located in the heart of Cologne', '1890-05-19 00:00:00', 'lib_koln_central.png', '2021-09-20 14:04:09.797048', '2021-09-20 14:04:09.797048');
INSERT INTO public.library_branches VALUES (2, 'TH Köln', 'Betzdorfer Str. 2, 50679 Köln', '+49-221-827-50', 'Library branch of campus Deutz', '1971-08-01 00:00:00', 'lib_th_koeln.png', '2021-09-20 14:04:09.797048', '2021-09-20 14:04:09.797048');
INSERT INTO public.library_branches VALUES (3, 'Hochschule Bonn-Rhein-Sieg', 'Grantham-Allee 20, 53757 Sankt Augustin', '+49-224-1865-680', 'Neighborhood library serving H-BRS residents', '1995-03-22 00:00:00', 'lib_hbrs.png', '2021-09-20 14:04:09.797048', '2021-09-20 14:04:09.797048');
INSERT INTO public.library_branches VALUES (4, 'University of Bonn', 'Regina-Pacis-Weg 3, 53113 Bonn', '+49-228-730', 'The library building houses the science, agriculture and medicine collections', '1818-08-12 00:00:00', 'lib_bonn_central.png', '2021-09-20 14:04:09.797048', '2021-09-20 14:04:09.797048');
INSERT INTO public.library_branches VALUES (5, 'Campus Südstadt', 'Ubierring 48, 50678 Köln', '+49-221-8275-5840', 'The Südstadt regional branch contains the largest collection of fiction in the country', '1986-01-06 00:00:00', 'lib_sudstadt.png', '2021-09-20 14:04:09.797048', '2021-09-20 14:04:09.797048');

-- Initial Branch Hours
INSERT INTO public.branch_hours VALUES (1, 1, 0, 6, 18);
INSERT INTO public.branch_hours VALUES (2, 1, 1, 6, 18);
INSERT INTO public.branch_hours VALUES (3, 1, 2, 6, 18);
INSERT INTO public.branch_hours VALUES (4, 1, 3, 6, 18);
INSERT INTO public.branch_hours VALUES (5, 1, 4, 6, 18);
INSERT INTO public.branch_hours VALUES (6, 1, 5, 6, 18);
INSERT INTO public.branch_hours VALUES (7, 1, 6, 6, 18);
INSERT INTO public.branch_hours VALUES (8, 2, 0, 6, 18);
INSERT INTO public.branch_hours VALUES (9, 2, 1, 6, 18);
INSERT INTO public.branch_hours VALUES (10, 2, 2, 6, 18);
INSERT INTO public.branch_hours VALUES (11, 2, 3, 6, 18);
INSERT INTO public.branch_hours VALUES (12, 2, 4, 6, 18);
INSERT INTO public.branch_hours VALUES (13, 2, 5, 6, 18);
INSERT INTO public.branch_hours VALUES (14, 2, 6, 6, 18);
INSERT INTO public.branch_hours VALUES (15, 3, 0, 6, 18);
INSERT INTO public.branch_hours VALUES (16, 3, 1, 6, 18);
INSERT INTO public.branch_hours VALUES (17, 3, 2, 6, 18);
INSERT INTO public.branch_hours VALUES (18, 3, 3, 6, 18);
INSERT INTO public.branch_hours VALUES (19, 3, 4, 6, 18);
INSERT INTO public.branch_hours VALUES (20, 3, 5, 8, 12);
INSERT INTO public.branch_hours VALUES (21, 3, 6, 8, 12);
INSERT INTO public.branch_hours VALUES (22, 4, 0, 8, 20);
INSERT INTO public.branch_hours VALUES (23, 4, 1, 8, 20);
INSERT INTO public.branch_hours VALUES (24, 4, 2, 8, 20);
INSERT INTO public.branch_hours VALUES (25, 4, 3, 8, 12);
INSERT INTO public.branch_hours VALUES (26, 4, 4, 8, 12);
INSERT INTO public.branch_hours VALUES (27, 4, 5, 8, 12);
INSERT INTO public.branch_hours VALUES (28, 4, 6, 8, 14);
INSERT INTO public.branch_hours VALUES (29, 5, 0, 10, 18);
INSERT INTO public.branch_hours VALUES (30, 5, 1, 10, 18);
INSERT INTO public.branch_hours VALUES (31, 5, 2, 10, 18);
INSERT INTO public.branch_hours VALUES (32, 5, 3, 9, 12);
INSERT INTO public.branch_hours VALUES (33, 5, 4, 10, 18);
INSERT INTO public.branch_hours VALUES (34, 5, 5, 10, 18);
INSERT INTO public.branch_hours VALUES (35, 5, 6, 10, 10);


-- Generate Initial Library Cards
INSERT INTO public.library_cards VALUES (1, 0, '2021-09-20 14:04:09.804049');
INSERT INTO public.library_cards VALUES (2, 0, '2021-09-20 14:04:09.804049');
INSERT INTO public.library_cards VALUES (3, 0, '2021-09-20 14:04:09.804049');
INSERT INTO public.library_cards VALUES (4, 0, '2021-09-20 14:04:09.804049');
INSERT INTO public.library_cards VALUES (5, 0, '2021-09-20 14:04:09.804049');
INSERT INTO public.library_cards VALUES (6, 0, '2021-09-20 14:04:09.804049');
INSERT INTO public.library_cards VALUES (7, 0, '2021-09-20 14:04:09.804049');
INSERT INTO public.library_cards VALUES (8, 0, '2021-09-20 14:04:09.804049');
INSERT INTO public.library_cards VALUES (9, 0, '2021-09-20 14:04:09.804049');
INSERT INTO public.library_cards VALUES (10, 0, '2021-09-20 14:04:09.804049');
INSERT INTO public.library_cards VALUES (11, 0, '2021-09-20 14:04:09.804049');
INSERT INTO public.library_cards VALUES (12, 0, '2021-09-20 14:04:09.804049');
INSERT INTO public.library_cards VALUES (13, 0, '2021-09-20 14:04:09.804049');
INSERT INTO public.library_cards VALUES (14, 0, '2021-09-20 14:04:09.804049');
INSERT INTO public.library_cards VALUES (15, 0, '2021-09-20 14:04:09.804049');
INSERT INTO public.library_cards VALUES (16, 0, '2021-09-20 14:04:09.804049');
INSERT INTO public.library_cards VALUES (17, 0, '2021-09-20 14:04:09.804049');
INSERT INTO public.library_cards VALUES (18, 0, '2021-09-20 14:04:09.804049');
INSERT INTO public.library_cards VALUES (19, 0, '2021-09-20 14:04:09.804049');
INSERT INTO public.library_cards VALUES (20, 0, '2021-09-20 14:04:09.804049');

--Initial Data Patrons
INSERT INTO public.patrons VALUES (1, 'Jan', 'Carlsen', '123 Haupt Str.', '1980-09-04 00:00:00', 'jcarlsen.thesis@mail2one.com', '221-123-4567', 1, 1, '2020-12-28 00:00:00', '2021-09-20 14:04:09.807773');
INSERT INTO public.patrons VALUES (2, 'Elias', 'Carlsen', '123 Maple Str.', '1981-01-12 00:00:00', 'jcarlsen.thesis@mail2one.com', '220-123-4568', 2, 1, '2019-05-12 00:00:00', '2021-09-20 14:04:09.807773');
INSERT INTO public.patrons VALUES (3, 'Pam', 'Smith', '224 Commerce Dr. Apt 120', '2001-01-28 00:00:00', 'jcarlsen.thesis@mail2one.com', '221-168-1232', 3, 1, '2018-05-13 00:00:00', '2021-09-20 14:04:09.807773');
INSERT INTO public.patrons VALUES (4, 'Marcus', 'Connors', '16 W. McFarlane Str', '1986-07-04 00:00:00', 'jcarlsen.thesis@mail2one.com', '222-868-1144', 4, 1, '2020-04-17 00:00:00', '2021-09-20 14:04:09.807773');
INSERT INTO public.patrons VALUES (5, 'Dalante', 'Wilson', '113 Westen Str. Apt 6B', '1990-04-03 00:00:00', 'jcarlsen.thesis@mail2one.com', '221-123-4568', 5, 2, '2021-03-16 00:00:00', '2021-09-20 14:04:09.807773');
INSERT INTO public.patrons VALUES (6, 'Ben', 'Andersen', '122 Jennifer Str.', '1988-09-04 00:00:00', 'jcarlsen.thesis@mail2one.com', '222-222-2212', 6, 2, '2020-11-15 00:00:00', '2021-09-20 14:04:09.807773');
INSERT INTO public.patrons VALUES (7, 'Krista', 'Porter', '123 Maple Str.', '1981-01-12 00:00:00', 'jcarlsen.thesis@mail2one.com', '222-143-4514', 7, 2, '2019-10-16 00:00:00', '2021-09-20 14:04:09.807773');
INSERT INTO public.patrons VALUES (8, 'Elma', 'Smith', '224 Commerce Dr. Apt 120', '2001-01-28 00:00:00', 'jcarlsen.thesis@mail2one.com', '222-664-4244', 8, 3, '2019-07-19 00:00:00', '2021-09-20 14:04:09.807773');
INSERT INTO public.patrons VALUES (9, 'Sandy', 'Black', '16 W. McFarlane Alle', '1986-07-04 00:00:00', 'jcarlsen.thesis@mail2one.com', '222-231-5634', 9, 3, '2019-09-15 00:00:00', '2021-09-20 14:04:09.807773');
INSERT INTO public.patrons VALUES (10, 'Jin', 'Li', '113 Westen alle. Apt 6B', '1990-04-03 00:00:00', 'jcarlsen.thesis@mail2one.com', '221-143-4555', 10, 3, '2020-11-29 00:00:00', '2021-09-20 14:04:09.807773');
INSERT INTO public.patrons VALUES (11, 'Maria', 'Lopez', '17 W Hochweg M', '1986-03-14 00:00:00', 'jcarlsen.thesis@mail2one.com', '220-145-4267', 11, 3, '2020-06-26 00:00:00', '2021-09-20 14:04:09.807773');
INSERT INTO public.patrons VALUES (12, 'Thomas', 'Doyle', '2312 Zweitte Str', '1984-01-16 00:00:00', 'jcarlsen.thesis@mail2one.com', '220-125-4328', 12, 3, '2020-07-11 00:00:00', '2021-09-20 14:04:09.807773');
INSERT INTO public.patrons VALUES (13, 'Samantha', 'Martinez', '118 S First Str', '2003-05-28 00:00:00', 'jcarlsen.thesis@mail2one.com', '221-111-0152', 13, 3, '2021-01-28 00:00:00', '2021-09-20 14:04:09.807773');
INSERT INTO public.patrons VALUES (14, 'Latoya', 'Winters', '2022 Twilight Dr', '1983-04-04 00:00:00', 'jcarlsen.thesis@mail2one.com', '221-203-1253', 14, 3, '2020-04-12 00:00:00', '2021-09-20 14:04:09.807773');
INSERT INTO public.patrons VALUES (15, 'Mary', 'Fellows', '18 W. Alle Apt 2C', '1993-04-03 00:00:00', 'jcarlsen.thesis@mail2one.com', '221-334-1448', 15, 4, '2019-12-24 00:00:00', '2021-09-20 14:04:09.807773');
INSERT INTO public.patrons VALUES (16, 'John', 'Kost', '900 Mammoth Kreis', '1980-10-04 00:00:00', 'jcarlsen.thesis@mail2one.com', '221-023-4560', 16, 4, '2019-08-28 00:00:00', '2021-09-20 14:04:09.807773');
INSERT INTO public.patrons VALUES (17, 'Brandon', 'Fellows', '19 Gunning Weg', '1985-12-12 00:00:00', 'jcarlsen.thesis@mail2one.com', '221-002-4568', 17, 5, '2020-11-18 00:00:00', '2021-09-20 14:04:09.807773');
INSERT INTO public.patrons VALUES (18, 'Ahmad', 'Barakat', '1132 Aberg Dr. Apt 120', '2002-11-28 00:00:00', 'jcarlsen.thesis@mail2one.com', '220-103-1232', 18, 5, '2021-02-08 00:00:00', '2021-09-20 14:04:09.807773');
INSERT INTO public.patrons VALUES (19, 'Carol', 'Ayars', '162 N. Commerce Str', '1986-09-04 00:00:00', 'jcarlsen.thesis@mail2one.com', '221-030-1200', 19, 5, '2018-01-28 00:00:00', '2021-09-20 14:04:09.807773');
INSERT INTO public.patrons VALUES (20, 'Damien', 'Brown', '1203 Ost Blvd. Apt 161', '1990-05-03 00:00:00', 'jcarlsen.thesis@mail2one.com', '221-293-2003', 20, 5, '2019-10-21 00:00:00', '2021-09-20 14:04:09.807773');

-- insert intial example assets
INSERT INTO public.assets VALUES ('8fa225e0-1221-43ab-a0a6-e1f57b696cf8', 2, 21.00, 'art_of_living.png', 1);
INSERT INTO public.assets VALUES ('87d0b0dc-96b2-43d3-a4cf-f267e88f8509', 2, 16.00, 'origin_of_consciousness.png', 1);
INSERT INTO public.assets VALUES ('c4de4767-a983-4e68-8e39-c1ebf0c05a4c', 2, 22.00, 'thinking_fast_slow.png', 1);
INSERT INTO public.assets VALUES ('0bbc971e-392c-49ce-ac80-ec6d37542190', 2, 16.00, 'memories_dreams_reflections.png', 1);
INSERT INTO public.assets VALUES ('b6c45314-9701-4594-859b-76a554c861e0', 2, 6.00, 'to_build_a_fire.png', 2);
INSERT INTO public.assets VALUES ('0433fb15-32d4-457b-bed0-5677b49e351b', 2, 18.00, 'sandworm.png', 2);
INSERT INTO public.assets VALUES ('60d948e5-a39c-4473-87aa-f2d172af4518', 2, 32.00, 'maya_to_aztec.png', 2);
INSERT INTO public.assets VALUES ('476323cf-1c69-45da-8fc9-492685a8bdb6', 2, 12.00, 'dharma_bums.png', 2);
INSERT INTO public.assets VALUES ('f2f2bfad-8576-4883-99ce-ff4af68ba1dd', 2, 22.00, 'dress_your_family.png', 3);
INSERT INTO public.assets VALUES ('7243cdec-761f-4618-bab9-ab6d5b5b8557', 2, 18.00, 'turings_cathedral.png', 3);
INSERT INTO public.assets VALUES ('60a9b724-1193-45f6-adab-bb2c6c20bff2', 2, 18.00, 'thinking_in_systems.png', 3);
INSERT INTO public.assets VALUES ('cb8976d7-e88b-4537-ab65-cb560794b5a4', 2, 24.00, 'geb.png', 3);
INSERT INTO public.assets VALUES ('d5d58198-92cc-4960-9aee-1dc41f306bee', 2, 28.00, 'lean_startup.png', 4);
INSERT INTO public.assets VALUES ('1263179c-4695-4d4f-a569-b4c8342487e0', 2, 16.40, 'seven_storey_mountain.png', 4);
INSERT INTO public.assets VALUES ('0939422d-f4b6-4ed3-b86b-cae567f92c66', 2, 25.00, 'rework.png', 4);
INSERT INTO public.assets VALUES ('31295524-1798-443c-a7f1-bca4d439d5ae', 2, 8.00, 'waves.png', 4);
INSERT INTO public.assets VALUES ('e37cbd77-e126-45da-919c-3f24f4ac7a9b', 2, 11.00, 'collected_fictions.png', 4);
INSERT INTO public.assets VALUES ('e87762fb-794e-47fc-a8b2-125ec76fccfb', 2, 22.00, 'becoming.png', 4);
INSERT INTO public.assets VALUES ('9ecd518e-a258-49fa-bafe-27aa41a97c86', 2, 12.00, 'the_golden_apples.png', 4);
INSERT INTO public.assets VALUES ('73e8bda7-6485-4ae6-9b3f-30cacf5a618a', 2, 12.00, 'friend_of_my_youth.png', 5);
INSERT INTO public.assets VALUES ('109eab45-d953-4419-8d6f-912f7e6005d0', 2, 12.00, 'essays_and_poems_emerson.png', 5);
INSERT INTO public.assets VALUES ('af01657a-f392-4403-874f-e4b486ba12e7', 2, 12.00, 'caged_bird.png', 5);
INSERT INTO public.assets VALUES ('4895ecbf-bbe3-4a8f-99d4-0431c5bfb7d0', 2, 16.00, 'citizen_kane.png', 2);
INSERT INTO public.assets VALUES ('5fc40107-2535-4b8b-a0e7-710ff8e69c12', 2, 10.00, 'one_mans_wilderness.png', 1);
INSERT INTO public.assets VALUES ('8fbfb418-9ea0-44bb-9775-44049bb24072', 2, 21.00, 'the_commitments.png', 1);
INSERT INTO public.assets VALUES ('688fccac-f707-41ba-abab-0f76c75abcff', 2, 28.00, 'rashomon.png', 1);
INSERT INTO public.assets VALUES ('20397a30-34cc-4ed9-ac11-f77b9832f2cc', 2, 22.00, 'brothers_karamazov.png', 5);
INSERT INTO public.assets VALUES ('b8af33e2-ac90-42d6-b58d-17675c4586db', 2, 10.00, 'crime_and_punishment.png', 2);
INSERT INTO public.assets VALUES ('92da018f-48be-4d07-88db-0909ebba89ee', 2, 18.00, 'song_of_solomon.png', 1);
INSERT INTO public.assets VALUES ('cb6a753f-a5f4-40e6-960e-4ba83edea28d', 2, 16.00, 'war_and_peace.png', 3);
INSERT INTO public.assets VALUES ('dda62a74-eb30-4535-9766-2795a261612c', 2, 8.00, 'mrs_dalloway.png', 1);
INSERT INTO public.assets VALUES ('bab43282-511f-4dda-9172-baed5ddb8d0a', 2, 10.00, 'essential_mozart.png', 1);
INSERT INTO public.assets VALUES ('2af5124b-63cc-4136-a9cb-0c89a9a16efe', 2, 15.00, 'their_eyes_were_watching_god.png', 1);
INSERT INTO public.assets VALUES ('b5445eba-482e-4161-a039-1fcfc2a1983f', 4, 32.00, 'classics_russian_lit.png', 2);
INSERT INTO public.assets VALUES ('57e8c012-b5d6-42aa-abb2-c971e56c46e6', 2, 12.00, 'wilderness_essays.png', 1);
INSERT INTO public.assets VALUES ('38b09c82-9ea3-46e3-8f09-b6521aaac342', 2, 8.00, 'fathers_sons.png', 1);
INSERT INTO public.assets VALUES ('c245b802-09cb-4dd9-bfe0-51f7cb4fefaa', 2, 12.00, 'my_antonia.png', 4);
INSERT INTO public.assets VALUES ('78fa55fd-eaf9-4e24-9afa-ccf9124fbe04', 4, 16.00, 'zen_motorcycle.png', 2);

--Initial Data Audio Books
INSERT INTO public.audio_books
	("AssetId", "Title", "Author", "ASIN", "PublicationYear", "LengthMinutes", "Publisher")
VALUES
	('b5445eba-482e-4161-a039-1fcfc2a1983f', 'Classics of Russian Literature', 'The Great Courses, Irwin Weil', 'B00DTNWHWO', 2006, 1049, 'The Teaching Company'),
	('60d948e5-a39c-4473-87aa-f2d172af4518', 'Maya to Aztec: Ancient Mesoamerica Revealed', 'The Great Courses, Edwin Barnhart', 'B00UBLM7D6', 2015, 1395, 'The Teaching Company');

--Initial Data Audio CDs    
INSERT INTO public.audio_cds 
	("AssetId", "Title", "Artist", "PublicationYear", "Label", "Genre")
VALUES 
	('bab43282-511f-4dda-9172-baed5ddb8d0a', 'Essential Mozart', 'Various Artists', 2001, 'Decca', 'Concertos');

--Initial Data Books
INSERT INTO public.books VALUES (1, '57e8c012-b5d6-42aa-abb2-c971e56c46e6', 'Wilderness Essays', 'John Muir', '1423607120', 2011, NULL, NULL, NULL, 'English', NULL);
INSERT INTO public.books VALUES (2, '8fa225e0-1221-43ab-a0a6-e1f57b696cf8', 'The Art of Living: Peace and Freedom in the Here and Now', 'Thich Nhat Hanh', '0062434667', 2017, NULL, NULL, NULL, 'English', NULL);
INSERT INTO public.books VALUES (3, '87d0b0dc-96b2-43d3-a4cf-f267e88f8509', 'The Origin of Consciousness in the Breakdown of the Bicameral Mind', 'Julian Jaynes', '', 1976, NULL, NULL, NULL, 'English', NULL);
INSERT INTO public.books VALUES (4, 'c4de4767-a983-4e68-8e39-c1ebf0c05a4c', 'Thinking, Fast and Slow', 'Daniel Kahneman', '0374533555', 2013, NULL, NULL, NULL, 'English', NULL);
INSERT INTO public.books VALUES (5, '0bbc971e-392c-49ce-ac80-ec6d37542190', 'Memories, Dreams, Reflections', 'Carl Jung', '9780679723950', 1989, NULL, NULL, NULL, 'English', NULL);
INSERT INTO public.books VALUES (6, '38b09c82-9ea3-46e3-8f09-b6521aaac342', 'Fathers and Sons', 'Ivan Turgenev', '0553210890', 1862, NULL, NULL, NULL, 'English', NULL);
INSERT INTO public.books VALUES (7, 'b5445eba-482e-4161-a039-1fcfc2a1983f', 'Classics of Russian Literature', 'Irwin Weil', '1423607120', 2011, NULL, NULL, NULL, 'English', NULL);
INSERT INTO public.books VALUES (8, 'b6c45314-9701-4594-859b-76a554c861e0', 'To Build a Fire, and Other Stories (The World''s Best Reading)', 'Jack London', '0895775832', 1994, NULL, NULL, NULL, 'English', NULL);
INSERT INTO public.books VALUES (9, '78fa55fd-eaf9-4e24-9afa-ccf9124fbe04', 'Zen and the Art of Motorcycle Maintenance', 'Robert Pirsig', '0060839872', 1974, NULL, NULL, NULL, 'English', NULL);
INSERT INTO public.books VALUES (10, '0433fb15-32d4-457b-bed0-5677b49e351b', 'Sandworm: A New Era of Cyberwar and the Hunt for the Kremlin''s Most Dangerous Hackers', 'Andy Greenberg', '0525564632', 2019, NULL, NULL, NULL, 'English', NULL);
INSERT INTO public.books VALUES (11, '476323cf-1c69-45da-8fc9-492685a8bdb6', 'Dharma Bums', 'Jack Kerouac', '0140042520', 1976, NULL, NULL, NULL, 'English', NULL);
INSERT INTO public.books VALUES (12, 'f2f2bfad-8576-4883-99ce-ff4af68ba1dd', 'Dress Your Family in Corduroy and Denim', 'David Sedaris', '9780316143462', 2004, NULL, NULL, NULL, 'English', NULL);
INSERT INTO public.books VALUES (13, '7243cdec-761f-4618-bab9-ab6d5b5b8557', 'Turing''s Cathedral: The Origins of the Digital Universe', 'George Dyson', '1400075998', 2012, NULL, NULL, NULL, 'English', NULL);
INSERT INTO public.books VALUES (14, '60a9b724-1193-45f6-adab-bb2c6c20bff2', 'Thinking in Systems', 'Donella H. Meadows', '1603580557', 2008, NULL, NULL, NULL, 'English', NULL);
INSERT INTO public.books VALUES (15, 'cb8976d7-e88b-4537-ab65-cb560794b5a4', 'Gödel, Escher, Bach: An Eternal Golden Braid', 'Douglas R Hofstadter', '0465026567', 1979, NULL, NULL, NULL, 'English', NULL);
INSERT INTO public.books VALUES (16, 'd5d58198-92cc-4960-9aee-1dc41f306bee', 'The Lean Startup: How Today''s Entrepreneurs Use Continuous Innovation to Create Radically Successful Businesses', 'Eric Ries', '1524762407', 2011, NULL, NULL, NULL, 'English', NULL);
INSERT INTO public.books VALUES (17, '1263179c-4695-4d4f-a569-b4c8342487e0', 'The Seven Storey Mountain', 'Thomas Merton', '0156010860', 1948, NULL, NULL, NULL, 'English', NULL);
INSERT INTO public.books VALUES (18, '0939422d-f4b6-4ed3-b86b-cae567f92c66', 'Rework: Change The Way You Work Forever', 'Jason Fried and David Heinemeier Hansson', '1400075998', 2010, NULL, NULL, NULL, 'English', NULL);
INSERT INTO public.books VALUES (19, '31295524-1798-443c-a7f1-bca4d439d5ae', 'The Waves', 'Virginia Woolf', '1789431492', 1931, NULL, NULL, NULL, 'English', NULL);
INSERT INTO public.books VALUES (20, 'e37cbd77-e126-45da-919c-3f24f4ac7a9b', 'Collected Fictions', 'Jorge Luis Borges', '0140286802', 1999, NULL, NULL, NULL, 'English', NULL);
INSERT INTO public.books VALUES (21, 'e87762fb-794e-47fc-a8b2-125ec76fccfb', 'Becoming', 'Michelle Obama', '1524763136', 2018, NULL, NULL, NULL, 'English', NULL);
INSERT INTO public.books VALUES (22, 'c245b802-09cb-4dd9-bfe0-51f7cb4fefaa', 'My Antonia', 'Willa Cather', '0008352569', 1918, NULL, NULL, NULL, 'English', NULL);
INSERT INTO public.books VALUES (23, '9ecd518e-a258-49fa-bafe-27aa41a97c86', 'The Golden Apples', 'Eudora Welty', '015636090X', 1949, NULL, NULL, NULL, 'English', NULL);
INSERT INTO public.books VALUES (24, '73e8bda7-6485-4ae6-9b3f-30cacf5a618a', 'Friend of My Youth: Stories', 'Alice Munro', '0394584422', 1990, NULL, NULL, NULL, 'English', NULL);
INSERT INTO public.books VALUES (25, '109eab45-d953-4419-8d6f-912f7e6005d0', 'Essays and Poems', 'Ralph Waldo Emerson', '159308076X', 2012, NULL, NULL, NULL, 'English', NULL);
INSERT INTO public.books VALUES (26, 'af01657a-f392-4403-874f-e4b486ba12e7', 'I Know Why the Caged Bird Sings', 'Maya Angelou', '9780812980028', 1969, NULL, NULL, NULL, 'English', NULL);
INSERT INTO public.books VALUES (27, '5fc40107-2535-4b8b-a0e7-710ff8e69c12', 'One Man''s Wilderness, 50th Anniversary Edition: An Alaskan Odyssey', 'Sam Keith and Richard Louis Proenneke', '1513261649', 1973, NULL, NULL, NULL, 'English', NULL);
INSERT INTO public.books VALUES (28, '20397a30-34cc-4ed9-ac11-f77b9832f2cc', 'Brothers Karamazov', 'Fyodor Dostoevsky', '0374528373', 1880, NULL, NULL, NULL, 'English', NULL);
INSERT INTO public.books VALUES (29, 'b8af33e2-ac90-42d6-b58d-17675c4586db', 'Crime and Punishment', 'Fyodor Dostoevsky', '0679734503', 1866, NULL, NULL, NULL, 'English', NULL);
INSERT INTO public.books VALUES (30, '92da018f-48be-4d07-88db-0909ebba89ee', 'Song of Solomon', 'Toni Morrison', '140003342X', 1977, NULL, NULL, NULL, 'English', NULL);
INSERT INTO public.books VALUES (31, 'cb6a753f-a5f4-40e6-960e-4ba83edea28d', 'War and Peace', 'Leo Tolstoy', '1603580557', 1869, NULL, NULL, NULL, 'English', NULL);
INSERT INTO public.books VALUES (32, 'dda62a74-eb30-4535-9766-2795a261612c', 'Mrs. Dalloway', 'Virginia Woolf', '1950330745', 1925, NULL, NULL, NULL, 'English', NULL);
INSERT INTO public.books VALUES (33, '2af5124b-63cc-4136-a9cb-0c89a9a16efe', 'Their Eyes Were Watching God', 'Zora Neale Hurston', '9780061120060', 1937, NULL, NULL, NULL, 'English', NULL);

--Initial Data DVDs
INSERT INTO public.dvds VALUES (1, '4895ecbf-bbe3-4a8f-99d4-0431c5bfb7d0', 'Citizen Kane', 1941, 'Orson Welles', 150, NULL, NULL, NULL, 'English', NULL);
INSERT INTO public.dvds VALUES (2, '8fbfb418-9ea0-44bb-9775-44049bb24072', 'The Commitments', 1991, 'Alan Parker', 117, NULL, NULL, NULL, 'English', NULL);
INSERT INTO public.dvds VALUES (3, '688fccac-f707-41ba-abab-0f76c75abcff', 'Rashomon', 1951, 'Akira Kurosawa', 88, NULL, NULL, NULL, 'Japanese', NULL);

--Initial Data Holds
--INSERT INTO public.holds VALUES (1, '57e8c012-b5d6-42aa-abb2-c971e56c46e6', 2, '2021-09-19 14:04:09.827951', '2021-09-19 14:04:09.827951');
--INSERT INTO public.holds VALUES (3, '8fa225e0-1221-43ab-a0a6-e1f57b696cf8', 1, '2021-09-15 14:04:09.827951', '2021-09-15 14:04:09.827951');
--INSERT INTO public.holds VALUES (4, '8fa225e0-1221-43ab-a0a6-e1f57b696cf8', 5, '2021-09-13 14:04:09.827951', '2021-09-13 14:04:09.827951');
--INSERT INTO public.holds VALUES (8, '78fa55fd-eaf9-4e24-9afa-ccf9124fbe04', 9, '2021-09-24 06:03:06.107239', '0001-01-01 00:00:00');
--INSERT INTO public.holds VALUES (10, '78fa55fd-eaf9-4e24-9afa-ccf9124fbe04', 13, '2021-09-24 13:40:52.371605', '0001-01-01 00:00:00');

--Initial Data Checkouts
--INSERT INTO public.checkouts VALUES (1, 'b5445eba-482e-4161-a039-1fcfc2a1983f', 10, '2021-09-21 12:12:25.28494', '2021-10-21 12:12:25.28494');
--INSERT INTO public.checkouts VALUES (4, '57e8c012-b5d6-42aa-abb2-c971e56c46e6', 3, '2021-09-23 15:31:29.234011', '2021-10-23 15:31:29.234011');
--INSERT INTO public.checkouts VALUES (7, '78fa55fd-eaf9-4e24-9afa-ccf9124fbe04', 6, '2021-09-24 13:40:03.67829', '2021-10-24 13:40:03.67829');


--Initial Data Checkout Histories
--INSERT INTO public.checkout_histories VALUES (1, '57e8c012-b5d6-42aa-abb2-c971e56c46e6', 2, '2021-09-05 14:04:09.831183', '2021-09-07 14:04:09.831183');
--INSERT INTO public.checkout_histories VALUES (2, '57e8c012-b5d6-42aa-abb2-c971e56c46e6', 3, '2021-09-08 14:04:09.831183', '2021-09-10 14:04:09.831183');
--INSERT INTO public.checkout_histories VALUES (3, '57e8c012-b5d6-42aa-abb2-c971e56c46e6', 4, '2021-09-15 14:04:09.831183', '2021-09-19 14:04:09.831183');
--INSERT INTO public.checkout_histories VALUES (5, '8fa225e0-1221-43ab-a0a6-e1f57b696cf8', 1, '2021-09-05 14:04:09.831183', '2021-09-07 14:04:09.831183');
--INSERT INTO public.checkout_histories VALUES (6, '8fa225e0-1221-43ab-a0a6-e1f57b696cf8', 5, '2021-09-08 14:04:09.831183', '2021-09-11 14:04:09.831183');
--INSERT INTO public.checkout_histories VALUES (7, '8fa225e0-1221-43ab-a0a6-e1f57b696cf8', 6, '2021-09-12 14:04:09.831183', '2021-09-14 14:04:09.831183');
--INSERT INTO public.checkout_histories VALUES (8, '87d0b0dc-96b2-43d3-a4cf-f267e88f8509', 7, '2021-09-05 14:04:09.831183', '2021-09-07 14:04:09.831183');
--INSERT INTO public.checkout_histories VALUES (9, '87d0b0dc-96b2-43d3-a4cf-f267e88f8509', 9, '2021-09-07 14:04:09.831183', '2021-09-10 14:04:09.831183');
--INSERT INTO public.checkout_histories VALUES (10, 'b5445eba-482e-4161-a039-1fcfc2a1983f', 10, '2021-09-21 12:12:25.28494', NULL);
--INSERT INTO public.checkout_histories VALUES (4, '57e8c012-b5d6-42aa-abb2-c971e56c46e6', 12, '2021-09-19 14:04:09.831183', '2021-09-23 15:31:12.9575');
--INSERT INTO public.checkout_histories VALUES (13, '57e8c012-b5d6-42aa-abb2-c971e56c46e6', 3, '2021-09-23 15:31:29.234011', NULL);
--INSERT INTO public.checkout_histories VALUES (12, '38b09c82-9ea3-46e3-8f09-b6521aaac342', 5, '2021-09-23 14:57:24.38259', '2021-09-24 05:45:23.587782');
--INSERT INTO public.checkout_histories VALUES (14, 'c245b802-09cb-4dd9-bfe0-51f7cb4fefaa', 7, '2021-09-24 07:01:20.348532', '2021-09-24 07:01:47.106553');
--INSERT INTO public.checkout_histories VALUES (15, 'c245b802-09cb-4dd9-bfe0-51f7cb4fefaa', 11, '2021-09-24 07:01:52.459831', '2021-09-24 07:20:27.262001');
--INSERT INTO public.checkout_histories VALUES (11, '78fa55fd-eaf9-4e24-9afa-ccf9124fbe04', 1, '2021-09-22 10:02:21.392434', '2021-09-24 13:38:46.849421');
--INSERT INTO public.checkout_histories VALUES (16, '78fa55fd-eaf9-4e24-9afa-ccf9124fbe04', 6, '2021-09-24 13:40:03.67829', NULL);